author_login,pr_count,processing_time_mean,processing_time_median,processing_time_std,is_merged_mean,comments_mean,comments_sum,commits_mean,commits_max,additions_mean,additions_median,additions_sum,deletions_mean,deletions_median,deletions_sum,changed_files_mean,changed_files_median,changed_files_sum
01DarshanPatni,1,2.0866666666666664,2.0866666666666664,,0.0,1.0,1.0,3.0,3.0,5.0,5.0,5.0,0.0,0.0,0.0,2.0,2.0,2.0
40gilad,1,2.9691666666666667,2.9691666666666667,,0.0,1.0,1.0,6.0,6.0,5.0,5.0,5.0,2.0,2.0,2.0,2.0,2.0,2.0
Abdulkarim28,1,0.09194444444444444,0.09194444444444444,,0.0,1.0,1.0,73.0,73.0,2541.0,2541.0,2541.0,2611.0,2611.0,2611.0,44.0,44.0,44.0
AdamWill,1,0.5722222222222222,0.5722222222222222,,0.0,2.0,2.0,1.0,1.0,3.0,3.0,3.0,2.0,2.0,2.0,1.0,1.0,1.0
Akshay9715,1,2.201388888888889,2.201388888888889,,0.0,5.0,5.0,10.0,10.0,50.0,50.0,50.0,11.0,11.0,11.0,5.0,5.0,5.0
AlinaImtiaz018,1,,,,0.0,0.0,0.0,1.0,1.0,978.0,978.0,978.0,568.0,568.0,568.0,27.0,27.0,27.0
AluminumAngel,1,0.3422222222222222,0.3422222222222222,,0.0,0.0,0.0,1.0,1.0,4.0,4.0,4.0,2.0,2.0,2.0,1.0,1.0,1.0
AmithaMahesh,1,742.2747222222222,742.2747222222222,,0.0,0.0,0.0,1.0,1.0,7.0,7.0,7.0,0.0,0.0,0.0,1.0,1.0,1.0
AnushaUKumar,1,13.096666666666666,13.096666666666666,,0.0,1.0,1.0,97.7699999999993,97.7699999999993,4045.0,4045.0,4045.0,1863.0,1863.0,1863.0,300.0,300.0,300.0
Arbmani,1,0.021388888888888888,0.021388888888888888,,0.0,1.0,1.0,2.0,2.0,9.0,9.0,9.0,0.0,0.0,0.0,1.0,1.0,1.0
AshleySonny,1,498.5988888888889,498.5988888888889,,0.0,1.0,1.0,1.0,1.0,376.0,376.0,376.0,385.0,385.0,385.0,1.0,1.0,1.0
Badhreesh,2,3.2088888888888887,3.2088888888888887,,0.0,2.0,4.0,9.5,18.0,46.0,46.0,92.0,155.0,155.0,310.0,7.0,7.0,14.0
CatarinaPBressan,2,1.2769444444444444,1.2769444444444444,0.7860670384190452,0.5,2.0,4.0,49.0,97.0,65.0,65.0,130.0,31.5,31.5,63.0,7.5,7.5,15.0
CheeseCake87,1,1446.5502777777779,1446.5502777777779,,1.0,0.0,0.0,2.0,2.0,2.0,2.0,2.0,1.0,1.0,1.0,1.0,1.0,1.0
ComputerScienceGirl12,1,90.48666666666666,90.48666666666666,,0.0,2.0,2.0,1.0,1.0,2.0,2.0,2.0,2.0,2.0,2.0,1.0,1.0,1.0
ConnorWallace15,1,26.62638888888889,26.62638888888889,,1.0,1.0,1.0,2.0,2.0,1.0,1.0,1.0,1.0,1.0,1.0,1.0,1.0,1.0
CoolCat467,1,2325.2494444444446,2325.2494444444446,,1.0,2.0,2.0,1.0,1.0,6.0,6.0,6.0,0.0,0.0,0.0,2.0,2.0,2.0
Danferno,1,198.9025,198.9025,,1.0,1.0,1.0,3.0,3.0,17.0,17.0,17.0,2.0,2.0,2.0,3.0,3.0,3.0
DeathHound6,1,10.540277777777778,10.540277777777778,,0.0,3.0,3.0,1.0,1.0,1.0,1.0,1.0,1.0,1.0,1.0,1.0,1.0,1.0
DetachHead,1,,,,0.0,0.0,0.0,1.0,1.0,3.0,3.0,3.0,3.0,3.0,3.0,2.0,2.0,2.0
Devante7,1,0.3488888888888889,0.3488888888888889,,0.0,1.0,1.0,1.0,1.0,0.0,0.0,0.0,0.0,0.0,0.0,1.0,1.0,1.0
Doughnutik,1,3.8405555555555555,3.8405555555555555,,0.0,1.0,1.0,1.0,1.0,50.0,50.0,50.0,45.0,45.0,45.0,1.0,1.0,1.0
Dr-Irv,1,18.551666666666666,18.551666666666666,,1.0,1.0,1.0,4.0,4.0,177.0,177.0,177.0,180.0,180.0,180.0,22.0,22.0,22.0
EdgarPrueba,4,0.6070138888888889,0.581388888888889,0.6447375760135811,0.0,0.5,2.0,4.25,6.0,47442.25,48432.0,189769.0,3372.75,102.0,13491.0,206.75,192.0,827.0
FabianaCampanari,1,0.8352777777777778,0.8352777777777778,,0.0,1.0,1.0,1.0,1.0,0.0,0.0,0.0,0.0,0.0,0.0,0.0,0.0,0.0
Farsidetfs,2,,,,0.0,6.5049999999999955,13.009999999999991,1.5,2.0,16.0,16.0,32.0,3.0,3.0,6.0,2.0,2.0,4.0
GSAUC3,1,,,,0.0,10.0,10.0,14.0,14.0,160.0,160.0,160.0,8.0,8.0,8.0,5.0,5.0,5.0
Gable-github,1,,,,0.0,4.0,4.0,1.0,1.0,17.0,17.0,17.0,0.0,0.0,0.0,2.0,2.0,2.0
HackingGate,1,1.2808333333333333,1.2808333333333333,,0.0,1.0,1.0,1.0,1.0,3.0,3.0,3.0,0.0,0.0,0.0,1.0,1.0,1.0
HarikrishnanTechie,1,,,,0.0,1.0,1.0,1.0,1.0,5.0,5.0,5.0,1.0,1.0,1.0,1.0,1.0,1.0
HoqueUM,4,3.545486111111111,0.3534722222222222,6.585134768279953,0.0,0.25,1.0,5.5,8.0,12017.0,15968.0,48068.0,0.75,1.0,3.0,3.75,4.0,15.0
JannesvandenBogert,1,0.03277777777777778,0.03277777777777778,,0.0,1.0,1.0,5.0,5.0,211.0,211.0,211.0,34.0,34.0,34.0,14.0,14.0,14.0
Josecespedesant,1,3477.0480555555555,3477.0480555555555,,1.0,4.0,4.0,1.0,1.0,34.0,34.0,34.0,0.0,0.0,0.0,5.0,5.0,5.0
Kartikeya-Kotkar,1,469.62666666666667,469.62666666666667,,0.0,1.0,1.0,2.0,2.0,1.0,1.0,1.0,1.0,1.0,1.0,1.0,1.0,1.0
KevsterAmp,2,174.96583333333334,174.96583333333334,243.5012553549028,1.0,3.5,7.0,3.5,6.0,5.5,5.5,11.0,0.5,0.5,1.0,2.0,2.0,4.0
Konano,1,,,,0.0,0.0,0.0,4.0,4.0,18.0,18.0,18.0,12.0,12.0,12.0,3.0,3.0,3.0
LoveEatCandy,1,3.8177777777777777,3.8177777777777777,,0.0,1.0,1.0,1.0,1.0,25.0,25.0,25.0,3.0,3.0,3.0,3.0,3.0,3.0
M0d3v1,1,,,,0.0,0.0,0.0,1.0,1.0,2.0,2.0,2.0,0.0,0.0,0.0,1.0,1.0,1.0
ManasasivaVasireedy,1,5.773888888888889,5.773888888888889,,0.0,0.0,0.0,1.0,1.0,1.0,1.0,1.0,0.0,0.0,0.0,1.0,1.0,1.0
MartinBraquet,1,,,,0.0,0.0,0.0,8.0,8.0,306.0,306.0,306.0,79.0,79.0,79.0,8.0,8.0,8.0
MayureshMore,2,5.074027777777777,5.074027777777777,6.873274331683572,0.0,1.0,2.0,49.88499999999965,97.7699999999993,1733.5,1733.5,3467.0,1423.0,1423.0,2846.0,26.0,26.0,52.0
Merida39,1,1.826111111111111,1.826111111111111,,0.0,0.0,0.0,11.0,11.0,33.0,33.0,33.0,1.0,1.0,1.0,2.0,2.0,2.0
NEREUScode,3,145.54749999999999,0.6544444444444445,251.45015262077146,0.0,0.3333333333333333,1.0,2.0,3.0,176.0,170.0,528.0,100.0,100.0,300.0,16.0,16.0,48.0
NicolleLouis,1,2.5494444444444446,2.5494444444444446,,0.0,0.0,0.0,1.0,1.0,1.0,1.0,1.0,2.0,2.0,2.0,1.0,1.0,1.0
OmniTroid,1,,,,0.0,0.0,0.0,1.0,1.0,0.0,0.0,0.0,1.0,1.0,1.0,1.0,1.0,1.0
Pedro-Santos04,1,,,,0.0,0.0,0.0,7.0,7.0,111.0,111.0,111.0,5.0,5.0,5.0,2.0,2.0,2.0
RichieB2B,1,420.8177777777778,420.8177777777778,,1.0,1.0,1.0,1.0,1.0,11.0,11.0,11.0,10.0,10.0,10.0,2.0,2.0,2.0
Saga4,1,,,,0.0,0.0,0.0,2.0,2.0,4.0,4.0,4.0,9.0,9.0,9.0,1.0,1.0,1.0
ShauryaDusht,1,10.02361111111111,10.02361111111111,,0.0,1.0,1.0,10.0,10.0,83.0,83.0,83.0,24.0,24.0,24.0,3.0,3.0,3.0
ShivamBang98,1,,,,0.0,7.0,7.0,2.0,2.0,22.0,22.0,22.0,13.0,13.0,13.0,1.0,1.0,1.0
Shoestring42,1,289.7008333333333,289.7008333333333,,1.0,4.0,4.0,4.0,4.0,1.0,1.0,1.0,1.0,1.0,1.0,3.0,3.0,3.0
Shyanil,1,454.86944444444447,454.86944444444447,,0.0,1.0,1.0,1.0,1.0,1.0,1.0,1.0,1.0,1.0,1.0,1.0,1.0,1.0
Sklyvan,2,75.43444444444444,75.43444444444444,,0.0,0.5,1.0,1.0,1.0,18.0,18.0,36.0,4.0,4.0,8.0,1.5,1.5,3.0
Smarandii,1,0.23194444444444445,0.23194444444444445,,0.0,0.0,0.0,1.0,1.0,2.0,2.0,2.0,2.0,2.0,2.0,1.0,1.0,1.0
SoumitAddanki,1,180.71,180.71,,0.0,1.0,1.0,97.7699999999993,97.7699999999993,48648.869999999806,48648.869999999806,48648.869999999806,13385.339999999818,13385.339999999818,13385.339999999818,311.2999999999897,311.2999999999897,311.2999999999897
ThisIzAli2,1,0.7044444444444444,0.7044444444444444,,0.0,0.0,0.0,1.0,1.0,11.0,11.0,11.0,11.0,11.0,11.0,8.0,8.0,8.0
Tobey,1,1.3180555555555555,1.3180555555555555,,0.0,0.0,0.0,2.0,2.0,40.0,40.0,40.0,20.0,20.0,20.0,5.0,5.0,5.0
VenkataSiriPriya,1,9.814444444444444,9.814444444444444,,0.0,1.0,1.0,1.0,1.0,6.0,6.0,6.0,5.0,5.0,5.0,1.0,1.0,1.0
Vrusharth,1,0.09277777777777778,0.09277777777777778,,0.0,1.0,1.0,1.0,1.0,1.0,1.0,1.0,1.0,1.0,1.0,1.0,1.0,1.0
Wiczka03,1,0.005277777777777778,0.005277777777777778,,0.0,1.0,1.0,2.0,2.0,2.0,2.0,2.0,1.0,1.0,1.0,2.0,2.0,2.0
WillAyd,1,0.9633333333333334,0.9633333333333334,,1.0,1.0,1.0,1.0,1.0,0.0,0.0,0.0,1.0,1.0,1.0,1.0,1.0,1.0
Wowieee4,1,3.1391666666666667,3.1391666666666667,,0.0,1.0,1.0,2.0,2.0,24.0,24.0,24.0,14.0,14.0,14.0,1.0,1.0,1.0
Zephyr0071,1,2.283888888888889,2.283888888888889,,0.0,0.0,0.0,1.0,1.0,2.0,2.0,2.0,2.0,2.0,2.0,1.0,1.0,1.0
abhiramk6,1,,,,0.0,0.0,0.0,2.0,2.0,1.0,1.0,1.0,1.0,1.0,1.0,1.0,1.0,1.0
abravalheri,1,,,,0.0,2.0,2.0,2.0,2.0,1.0,1.0,1.0,9.0,9.0,9.0,1.0,1.0,1.0
adamreeve,1,2.591666666666667,2.591666666666667,,0.0,0.0,0.0,1.0,1.0,6.0,6.0,6.0,6.0,6.0,6.0,1.0,1.0,1.0
akaday,2,4.094166666666666,4.094166666666666,,0.0,0.0,0.0,6.0,11.0,24343.434999999903,24343.434999999903,48686.869999999806,11.5,11.5,23.0,156.64999999999486,156.64999999999486,313.2999999999897
allrob23,2,128.63944444444445,128.63944444444445,179.82903956875882,1.0,2.5,5.0,2.0,3.0,13.5,13.5,27.0,0.5,0.5,1.0,1.0,1.0,2.0
amoitra1,1,,,,0.0,2.0,2.0,3.0,3.0,26.0,26.0,26.0,0.0,0.0,0.0,2.0,2.0,2.0
amrear,1,38.79694444444444,38.79694444444444,,1.0,1.0,1.0,1.0,1.0,1.0,1.0,1.0,1.0,1.0,1.0,1.0,1.0,1.0
ani-sinha,1,,,,0.0,13.009999999999991,13.009999999999991,1.0,1.0,1.0,1.0,1.0,1.0,1.0,1.0,1.0,1.0,1.0
anodo123,1,,,,0.0,0.0,0.0,1.0,1.0,1.0,1.0,1.0,1.0,1.0,1.0,1.0,1.0,1.0
arthurlw,6,8.550925925925926,9.253055555555555,7.866312410939579,0.8333333333333334,1.0,6.0,2.5,5.0,23.666666666666668,10.0,142.0,8.0,2.0,48.0,1.1666666666666667,1.0,7.0
ascender1729,1,4.240277777777778,4.240277777777778,,0.0,1.0,1.0,2.0,2.0,141.0,141.0,141.0,325.0,325.0,325.0,3.0,3.0,3.0
aswindevsp,1,0.0030555555555555557,0.0030555555555555557,,0.0,0.0,0.0,1.0,1.0,2.0,2.0,2.0,2.0,2.0,2.0,1.0,1.0,1.0
ayushjain01,1,5.505,5.505,,0.0,0.0,0.0,1.0,1.0,3.0,3.0,3.0,0.0,0.0,0.0,1.0,1.0,1.0
bebound,1,58.30361111111111,58.30361111111111,,0.0,1.0,1.0,1.0,1.0,2.0,2.0,2.0,2.0,2.0,2.0,1.0,1.0,1.0
belliriccardo,1,,,,0.0,0.0,0.0,1.0,1.0,1.0,1.0,1.0,1.0,1.0,1.0,1.0,1.0,1.0
branchvincent,1,9.980833333333333,9.980833333333333,,1.0,9.0,9.0,1.0,1.0,0.0,0.0,0.0,26.0,26.0,26.0,1.0,1.0,1.0
brendon-codes,4,473.6346527777778,1.3325,945.2351634059444,0.0,1.75,7.0,1.0,1.0,11.5,8.5,46.0,7.0,5.0,28.0,3.5,2.0,14.0
bughandler,1,,,,0.0,0.0,0.0,2.0,2.0,25.0,25.0,25.0,20.0,20.0,20.0,1.0,1.0,1.0
cdce8p,2,77.50055555555556,77.50055555555556,102.76029297593502,0.0,3.5,7.0,1.5,2.0,2.5,2.5,5.0,2.0,2.0,4.0,1.0,1.0,2.0
chakib401,1,0.003611111111111111,0.003611111111111111,,0.0,0.0,0.0,1.0,1.0,6.0,6.0,6.0,1.0,1.0,1.0,1.0,1.0,1.0
chilin0525,3,59.99666666666667,78.89277777777778,41.25679965281593,1.0,2.0,6.0,4.666666666666667,6.0,7.666666666666667,3.0,23.0,2.0,2.0,6.0,1.6666666666666667,2.0,5.0
cjwatson,1,11.954722222222221,11.954722222222221,,1.0,2.0,2.0,2.0,2.0,283.0,283.0,283.0,272.0,272.0,272.0,13.0,13.0,13.0
cmp0xff,1,38.09361111111111,38.09361111111111,,1.0,3.0,3.0,3.0,3.0,16.0,16.0,16.0,10.0,10.0,10.0,3.0,3.0,3.0
cureprotocols,1,1.0583333333333333,1.0583333333333333,,0.0,0.0,0.0,1.0,1.0,7.0,7.0,7.0,24.0,24.0,24.0,1.0,1.0,1.0
danielpintosalazar,1,17.322222222222223,17.322222222222223,,1.0,3.0,3.0,1.0,1.0,2.0,2.0,2.0,0.0,0.0,0.0,1.0,1.0,1.0
danielvdao,1,1.0844444444444445,1.0844444444444445,,0.0,1.0,1.0,1.0,1.0,2.0,2.0,2.0,2.0,2.0,2.0,1.0,1.0,1.0
datapythonista,3,335.48527777777775,335.48527777777775,,0.3333333333333333,3.6666666666666665,11.0,16.666666666666668,37.0,247.0,210.0,741.0,65.0,62.0,195.0,9.0,7.0,27.0
davidism,21,1.919285714285714,0.04694444444444444,8.25257720714958,1.0,0.14285714285714285,3.0,1.1904761904761905,3.0,126.52380952380952,21.0,2657.0,56.095238095238095,13.0,1178.0,5.904761904761905,4.0,124.0
degerahmet,3,38.98388888888889,1.0408333333333333,66.55507254914238,0.0,0.0,0.0,1.6666666666666667,2.0,32214.333333333332,48304.0,96643.0,0.0,0.0,0.0,173.66666666666666,260.0,521.0
denitdao,1,3.777222222222222,3.777222222222222,,0.0,0.0,0.0,1.0,1.0,3.0,3.0,3.0,0.0,0.0,0.0,1.0,1.0,1.0
dependabot[bot],16,90.5122048611111,0.8445833333333334,187.60079912656724,0.8125,0.1875,3.0,1.0,1.0,4.625,4.0,74.0,4.625,4.0,74.0,1.875,2.0,30.0
deyjoy,1,0.057777777777777775,0.057777777777777775,,0.0,2.0,2.0,1.0,1.0,88.0,88.0,88.0,83.0,83.0,83.0,1.0,1.0,1.0
differencialx,1,2657.2444444444445,2657.2444444444445,,0.0,2.0,2.0,1.0,1.0,7.0,7.0,7.0,2.0,2.0,2.0,2.0,2.0,2.0
domx4q,1,,,,0.0,0.0,0.0,1.0,1.0,34.0,34.0,34.0,34.0,34.0,34.0,12.0,12.0,12.0
dunkmann00,1,1410.5452777777778,1410.5452777777778,,1.0,0.0,0.0,1.0,1.0,5.0,5.0,5.0,1.0,1.0,1.0,2.0,2.0,2.0
duzhuoshanwai,1,40.57972222222222,40.57972222222222,,1.0,0.0,0.0,1.0,1.0,1.0,1.0,1.0,1.0,1.0,1.0,1.0,1.0,1.0
eaglegai,1,,,,0.0,0.0,0.0,1.0,1.0,3.0,3.0,3.0,0.0,0.0,0.0,1.0,1.0,1.0
eicchen,2,126.69458333333333,126.69458333333333,17.687294038629837,1.0,1.0,2.0,26.5,34.0,118.0,118.0,236.0,5.5,5.5,11.0,3.0,3.0,6.0
enji-coder,1,,,,0.0,0.0,0.0,1.0,1.0,111.0,111.0,111.0,0.0,0.0,0.0,1.0,1.0,1.0
ericcht,1,621.6213888888889,621.6213888888889,,0.0,1.0,1.0,2.0,2.0,30.0,30.0,30.0,12.0,12.0,12.0,1.0,1.0,1.0
franekmagiera,1,1.3788888888888888,1.3788888888888888,,1.0,0.0,0.0,1.0,1.0,1.0,1.0,1.0,1.0,1.0,1.0,1.0,1.0,1.0
gaburn,1,0.27444444444444444,0.27444444444444444,,0.0,2.0,2.0,2.0,2.0,8.0,8.0,8.0,3.0,3.0,3.0,4.0,4.0,4.0
girishonweb,1,0.03277777777777778,0.03277777777777778,,0.0,0.0,0.0,1.0,1.0,0.0,0.0,0.0,0.0,0.0,0.0,0.0,0.0,0.0
goanpeca,1,,,,0.0,13.009999999999991,13.009999999999991,10.0,10.0,199.0,199.0,199.0,48.0,48.0,48.0,4.0,4.0,4.0
gogowitsch,1,0.47694444444444445,0.47694444444444445,,1.0,0.0,0.0,1.0,1.0,1.0,1.0,1.0,4.0,4.0,4.0,1.0,1.0,1.0
graingert,1,21.22833333333333,21.22833333333333,,1.0,2.0,2.0,7.0,7.0,6.0,6.0,6.0,4.0,4.0,4.0,4.0,4.0,4.0
gregory-shklover,1,,,,0.0,0.0,0.0,1.0,1.0,23.0,23.0,23.0,12.0,12.0,12.0,1.0,1.0,1.0
greyli,1,630.2436111111111,630.2436111111111,,1.0,3.0,3.0,1.0,1.0,1.0,1.0,1.0,1.0,1.0,1.0,1.0,1.0,1.0
hackspaces,1,39.855,39.855,,0.0,10.0,10.0,1.0,1.0,20.0,20.0,20.0,0.0,0.0,0.0,2.0,2.0,2.0
hatmic0101,1,0.4875,0.4875,,0.0,2.0,2.0,3.0,3.0,3.0,3.0,3.0,1.0,1.0,1.0,2.0,2.0,2.0
holmanb,1,,,,0.0,0.0,0.0,1.0,1.0,17.0,17.0,17.0,13.0,13.0,13.0,1.0,1.0,1.0
huisman,1,26.752777777777776,26.752777777777776,,1.0,1.0,1.0,2.0,2.0,12.0,12.0,12.0,8.0,8.0,8.0,1.0,1.0,1.0
iabhi4,2,41.401666666666664,41.401666666666664,,0.5,2.0,4.0,2.0,3.0,33.5,33.5,67.0,1.0,1.0,2.0,3.0,3.0,6.0
internza,1,14.676666666666666,14.676666666666666,,0.0,1.0,1.0,1.0,1.0,12.0,12.0,12.0,0.0,0.0,0.0,1.0,1.0,1.0
it176131,1,195.84277777777777,195.84277777777777,,1.0,6.0,6.0,22.0,22.0,95.0,95.0,95.0,0.0,0.0,0.0,4.0,4.0,4.0
jakobheine,3,108.78486111111111,108.78486111111111,153.72560348560643,0.3333333333333333,1.3333333333333333,4.0,1.0,1.0,4.333333333333333,2.0,13.0,0.3333333333333333,0.0,1.0,1.0,1.0,3.0
jalaj711,1,1.8222222222222222,1.8222222222222222,,0.0,6.0,6.0,2.0,2.0,31.0,31.0,31.0,4.0,4.0,4.0,4.0,4.0,4.0
jhess,1,174.4225,174.4225,,0.0,1.0,1.0,1.0,1.0,10.0,10.0,10.0,0.0,0.0,0.0,1.0,1.0,1.0
jjkochan-metro,1,,,,0.0,0.0,0.0,1.0,1.0,3.0,3.0,3.0,3.0,3.0,3.0,1.0,1.0,1.0
jonas,1,,,,0.0,0.0,0.0,1.0,1.0,1.0,1.0,1.0,1.0,1.0,1.0,1.0,1.0,1.0
kadai0308,1,,,,0.0,1.0,1.0,1.0,1.0,45.0,45.0,45.0,5.0,5.0,5.0,2.0,2.0,2.0
kalingth,1,,,,0.0,0.0,0.0,7.0,7.0,75.0,75.0,75.0,3.0,3.0,3.0,2.0,2.0,2.0
kavasg,1,1.9191666666666667,1.9191666666666667,,0.0,1.0,1.0,2.0,2.0,13.0,13.0,13.0,5.0,5.0,5.0,2.0,2.0,2.0
khmyznikov,1,,,,0.0,1.0,1.0,35.0,35.0,25.0,25.0,25.0,2.0,2.0,2.0,1.0,1.0,1.0
kirisakow,3,21.18185185185185,23.108888888888888,20.158919682677286,0.6666666666666666,0.6666666666666666,2.0,1.3333333333333333,2.0,16218.62333333327,6.0,48655.869999999806,1.6666666666666667,1.0,5.0,104.43333333332991,1.0,313.2999999999897
kotvkvante,1,1511.6630555555555,1511.6630555555555,,1.0,0.0,0.0,1.0,1.0,2.0,2.0,2.0,2.0,2.0,2.0,1.0,1.0,1.0
kurtatter,1,25.25,25.25,,1.0,6.0,6.0,1.0,1.0,4.0,4.0,4.0,1.0,1.0,1.0,2.0,2.0,2.0
kurtmckee,2,55.75555555555555,55.75555555555555,11.698688857630765,0.0,2.5,5.0,1.0,1.0,11.5,11.5,23.0,15.0,15.0,30.0,5.0,5.0,10.0
lazka,1,,,,0.0,2.0,2.0,1.0,1.0,4.0,4.0,4.0,6.0,6.0,6.0,3.0,3.0,3.0
lithomas1,1,361.2183333333333,361.2183333333333,,1.0,5.0,5.0,10.0,10.0,43.0,43.0,43.0,3.0,3.0,3.0,5.0,5.0,5.0
loicdiridollou,1,263.28777777777776,263.28777777777776,,1.0,1.0,1.0,12.0,12.0,87.0,87.0,87.0,10.0,10.0,10.0,1.0,1.0,1.0
mahdirahimi1999,1,139.01944444444445,139.01944444444445,,0.0,1.0,1.0,1.0,1.0,23.0,23.0,23.0,32.0,32.0,32.0,6.0,6.0,6.0
mani-coder,1,1.4288888888888889,1.4288888888888889,,0.0,0.0,0.0,19.0,19.0,242.0,242.0,242.0,292.0,292.0,292.0,39.0,39.0,39.0
markparonyan,2,7.463055555555556,7.463055555555556,9.710540291194594,0.5,0.5,1.0,2.0,3.0,47.0,47.0,94.0,26.5,26.5,53.0,2.5,2.5,5.0
matahho,1,2.7172222222222224,2.7172222222222224,,0.0,1.0,1.0,1.0,1.0,2.0,2.0,2.0,2.0,2.0,2.0,1.0,1.0,1.0
moben,1,,,,0.0,0.0,0.0,1.0,1.0,12.0,12.0,12.0,101.0,101.0,101.0,5.0,5.0,5.0
moon548834,1,0.0525,0.0525,,0.0,0.0,0.0,1.0,1.0,1.0,1.0,1.0,2.0,2.0,2.0,1.0,1.0,1.0
moyanj,1,0.32222222222222224,0.32222222222222224,,0.0,0.0,0.0,1.0,1.0,3.0,3.0,3.0,3.0,3.0,3.0,1.0,1.0,1.0
mroeschke,10,100.61699999999999,2.756388888888889,142.00247434949364,0.9,1.3,13.0,4.8,20.0,22.7,5.5,227.0,20.3,4.0,203.0,4.4,2.0,44.0
myenugula,1,3.65,3.65,,1.0,1.0,1.0,1.0,1.0,52.0,52.0,52.0,0.0,0.0,0.0,3.0,3.0,3.0
najasnake12,1,5.057222222222222,5.057222222222222,,0.0,1.0,1.0,1.0,1.0,1.0,1.0,1.0,0.0,0.0,0.0,1.0,1.0,1.0
nateprewitt,14,368.749837962963,6.329166666666667,826.5136225166468,0.8571428571428571,1.7142857142857142,24.0,1.5714285714285714,3.0,22.428571428571427,16.0,314.0,17.642857142857142,5.5,247.0,2.0,2.0,28.0
nijel,1,2.553888888888889,2.553888888888889,,0.0,2.0,2.0,1.0,1.0,1.0,1.0,1.0,1.0,1.0,1.0,1.0,1.0,1.0
niranjanorkat,1,,,,0.0,0.0,0.0,3.0,3.0,28.0,28.0,28.0,1.0,1.0,1.0,2.0,2.0,2.0
nothingface0,1,,,,0.0,0.0,0.0,1.0,1.0,1.0,1.0,1.0,1.0,1.0,1.0,1.0,1.0,1.0
osbornch,1,0.16277777777777777,0.16277777777777777,,0.0,1.0,1.0,1.0,1.0,39574.0,39574.0,39574.0,12189.0,12189.0,12189.0,144.0,144.0,144.0
pablospe,1,0.045,0.045,,0.0,1.0,1.0,1.0,1.0,1.0,1.0,1.0,1.0,1.0,1.0,1.0,1.0,1.0
palako,2,0.0025,0.0025,0.00039283710065919316,0.0,1.0,2.0,18.5,25.0,402.5,402.5,805.0,13385.339999999818,13385.339999999818,26770.679999999636,241.0,241.0,482.0
papb,1,8.489444444444445,8.489444444444445,,0.0,1.0,1.0,1.0,1.0,12.0,12.0,12.0,0.0,0.0,0.0,1.0,1.0,1.0
pbrochart,2,353.22847222222225,353.22847222222225,487.34918945113736,0.5,1.5,3.0,1.5,2.0,2.5,2.5,5.0,1.0,1.0,2.0,1.0,1.0,2.0
pedromfdiogo,1,,,,0.0,0.0,0.0,5.0,5.0,32.0,32.0,32.0,1.0,1.0,1.0,4.0,4.0,4.0
pelagiavlas,2,153.53222222222223,153.53222222222223,,0.0,0.5,1.0,72.0,93.0,240.5,240.5,481.0,65.5,65.5,131.0,15.0,15.0,30.0
perodriguezl,1,0.8780555555555556,0.8780555555555556,,0.0,3.0,3.0,3.0,3.0,20.0,20.0,20.0,14.0,14.0,14.0,1.0,1.0,1.0
pgjones,2,,,,0.0,2.0,4.0,1.0,1.0,116.5,116.5,233.0,110.5,110.5,221.0,1.5,1.5,3.0
pre-commit-ci[bot],3,9.438518518518519,11.040277777777778,7.8473268445991895,1.0,0.0,0.0,1.0,1.0,1.6666666666666667,1.0,5.0,1.6666666666666667,1.0,5.0,1.0,1.0,3.0
pszlazak,1,,,,0.0,0.0,0.0,1.0,1.0,11.0,11.0,11.0,0.0,0.0,0.0,2.0,2.0,2.0
quangngd,1,224.13888888888889,224.13888888888889,,1.0,2.0,2.0,7.0,7.0,50.0,50.0,50.0,1.0,1.0,1.0,2.0,2.0,2.0
ranveer9,1,,,,0.0,1.0,1.0,1.0,1.0,24.0,24.0,24.0,0.0,0.0,0.0,1.0,1.0,1.0
rgommers,1,11.179166666666667,11.179166666666667,,1.0,2.0,2.0,1.0,1.0,2.0,2.0,2.0,31.0,31.0,31.0,6.0,6.0,6.0
rhshadrach,3,72.54375,72.54375,65.16597886140057,0.6666666666666666,1.0,3.0,4.0,5.0,153.0,35.0,459.0,69.0,45.0,207.0,15.333333333333334,3.0,46.0
rit4rosa,1,,,,0.0,1.0,1.0,2.0,2.0,58.0,58.0,58.0,17.0,17.0,17.0,2.0,2.0,2.0
s-hamann,1,132.46527777777777,132.46527777777777,,1.0,0.0,0.0,1.0,1.0,0.0,0.0,0.0,13.0,13.0,13.0,1.0,1.0,1.0
sainivas-99,1,155.2122222222222,155.2122222222222,,0.0,1.0,1.0,6.0,6.0,4.0,4.0,4.0,0.0,0.0,0.0,1.0,1.0,1.0
saksham-sak,1,122.72888888888889,122.72888888888889,,0.0,2.0,2.0,1.0,1.0,20.0,20.0,20.0,12.0,12.0,12.0,1.0,1.0,1.0
sanjaytaylor2012,1,0.6586111111111111,0.6586111111111111,,0.0,0.0,0.0,2.0,2.0,34.0,34.0,34.0,0.0,0.0,0.0,1.0,1.0,1.0
sarveshdss75,1,0.2713888888888889,0.2713888888888889,,0.0,1.0,1.0,2.0,2.0,11.0,11.0,11.0,0.0,0.0,0.0,1.0,1.0,1.0
sheraz14,1,,,,0.0,0.0,0.0,1.0,1.0,15.0,15.0,15.0,0.0,0.0,0.0,1.0,1.0,1.0
sigmavirus24,2,57.72138888888889,57.72138888888889,,0.5,8.0,16.0,2.5,3.0,45.0,45.0,90.0,5.5,5.5,11.0,2.0,2.0,4.0
spd123,1,434.7052777777778,434.7052777777778,,0.0,1.0,1.0,5.0,5.0,5.0,5.0,5.0,0.0,0.0,0.0,2.0,2.0,2.0
star1327p,2,18.58277777777778,18.58277777777778,25.916642041788947,1.0,2.0,4.0,1.0,1.0,5.5,5.5,11.0,5.0,5.0,10.0,1.0,1.0,2.0
stevenae,1,,,,0.0,0.0,0.0,2.0,2.0,24.0,24.0,24.0,8.0,8.0,8.0,1.0,1.0,1.0
strugee,1,49.28194444444444,49.28194444444444,,1.0,8.0,8.0,1.0,1.0,1.0,1.0,1.0,1.0,1.0,1.0,1.0,1.0,1.0
sujan099,1,4.999722222222222,4.999722222222222,,0.0,1.0,1.0,1.0,1.0,32.0,32.0,32.0,0.0,0.0,0.0,2.0,2.0,2.0
tehunter,1,,,,0.0,0.0,0.0,10.0,10.0,225.0,225.0,225.0,51.0,51.0,51.0,14.0,14.0,14.0
tejaschauhan36912,1,8.824444444444444,8.824444444444444,,0.0,3.0,3.0,1.0,1.0,3.0,3.0,3.0,1.0,1.0,1.0,1.0,1.0,1.0
theavey,1,2.073888888888889,2.073888888888889,,1.0,1.0,1.0,1.0,1.0,19.0,19.0,19.0,1.0,1.0,1.0,3.0,3.0,3.0
thehalvo,1,,,,0.0,0.0,0.0,2.0,2.0,359.0,359.0,359.0,27.0,27.0,27.0,5.0,5.0,5.0
tomasmacieira,1,529.3338888888889,529.3338888888889,,0.0,1.0,1.0,1.0,1.0,19.0,19.0,19.0,1.0,1.0,1.0,3.0,3.0,3.0
tomasz-pankowski,1,33.765277777777776,33.765277777777776,,0.0,0.0,0.0,2.0,2.0,2.0,2.0,2.0,0.0,0.0,0.0,2.0,2.0,2.0
tswast,1,,,,0.0,0.0,0.0,1.0,1.0,3.0,3.0,3.0,3.0,3.0,3.0,3.0,3.0,3.0
uzairahmad03,1,0.03194444444444444,0.03194444444444444,,0.0,0.0,0.0,1.0,1.0,1.0,1.0,1.0,1.0,1.0,1.0,1.0,1.0,1.0
vengatgs,1,0.8019444444444445,0.8019444444444445,,0.0,1.0,1.0,5.0,5.0,40.0,40.0,40.0,0.0,0.0,0.0,2.0,2.0,2.0
viable-alternative,1,272.2102777777778,272.2102777777778,,1.0,3.0,3.0,8.0,8.0,336.0,336.0,336.0,126.0,126.0,126.0,5.0,5.0,5.0
vilhelmen,1,,,,0.0,0.0,0.0,1.0,1.0,70.0,70.0,70.0,1.0,1.0,1.0,3.0,3.0,3.0
wjandrea,2,2.2405555555555554,2.2405555555555554,2.5746543577203513,1.0,1.0,2.0,1.0,1.0,1.0,1.0,2.0,1.0,1.0,2.0,1.0,1.0,2.0
xaris96,2,213.8502777777778,213.8502777777778,,0.0,6.0,12.0,43.5,64.0,431.5,431.5,863.0,51.5,51.5,103.0,13.5,13.5,27.0
yanamis,1,20.336666666666666,20.336666666666666,,1.0,1.0,1.0,1.0,1.0,1.0,1.0,1.0,1.0,1.0,1.0,1.0,1.0,1.0
zhuangzhuang,1,2939.5694444444443,2939.5694444444443,,1.0,0.0,0.0,1.0,1.0,1.0,1.0,1.0,1.0,1.0,1.0,1.0,1.0,1.0
zinzied,1,9.230555555555556,9.230555555555556,,0.0,1.0,1.0,3.0,3.0,2560.0,2560.0,2560.0,0.0,0.0,0.0,13.0,13.0,13.0
